Name,Elevation (m),Country,Range,Fun Fact,Image
Everest,8849,Nepál,,"A Föld legmagasabb hegye, nepáli neve Szagarmatha, tibeti neve Csomolungma, melynek jelentése nagyjából 'a világ anyaistennője'.",images/mountains/everest.jpg
K2,8611,Pakisztán,,"Nevét egy 1856-os brit felmérés adta neki, mivel helyi elnevezése nem volt ismert, és a világ második legmagasabb, ám a ""Vad hegy"" becenevet viselő, technikailag rendkívül veszélyes csúcsaként tartják számon.",images/mountains/k2.jpg
Kangchenjunga,8586,India,,"Neve ""az öt hó kincse"" jelentésű, a szikkimi hívők szentnek tartják, ezért a hagyomány szerint a hegymászók néhány méterrel a valódi csúcs alatt állnak meg tiszteletből.",images/mountains/kangchenjunga.jpg
Lhotse,8516,Nepál,,"A világ negyedik legmagasabb csúcsa, neve tibeti nyelven ""Déli csúcsot"" jelent, és a Mount Everesttel közös Dél-nyereg köti össze, híres, jeges Lhotse-fala az Everest normál útvonalának egyik legveszélyesebb szakasza.",images/mountains/lhotse.jpg
Makalu,8485,Nepál,,"A Föld ötödik legmagasabb hegye, szinte tökéletes piramis alakja miatt az egyik legnehezebben mászható nyolcezres, amelyet elsőként egy francia expedíció mászott meg 1955-ben.",images/mountains/makalu.jpg
Cho Oyu,8188,Kína,Himalája,"Neve tibeti nyelven ""türkiz istennőt"" jelent, és 1978-ig, amíg Reinhold Messner és Peter Habeler oxigénpalack nélkül nem mászta meg az Everestet, ez volt a legmagasabb csúcs, amit pótlevegő nélkül sikerült megmászni.",images/mountains/cho-oyu.jpg
Dhaulagiri I,8167,Nepál,,"A világ hetedik legmagasabb hegye, a 19. század elején egy ideig a Föld ismert legmagasabb pontjának hitték, mire a Kancsendzönga, majd az Everest magasabbnak bizonyult.",images/mountains/dhaulagiri-i.jpg
Manaslu,8163,Nepál,,"Neve a szanszkrit ""manasa"" szóból ered, jelentése ""a lélek hegye"", és a világ nyolcadik legmagasabb csúcsaként a nepáli hegymászás egyik legveszélyesebb nyolcezrese.",images/mountains/manaslu.jpg
Nanga Parbat,8126,Pakisztán,,"A világ kilencedik legmagasabb csúcsát a korai expedíciók magas halálozási aránya miatt 'gyilkos hegynek' nevezik, déli Rupal-fala pedig mintegy 4600 méteres magasságával a Föld egyik legnagyobb hegyfala.",images/mountains/nanga-parbat.jpg
Annapurna I,8091,Nepál,Himalája,"1950-ben Maurice Herzog és Louis Lachenal mászta meg elsőként, így ez lett a világ első, ember által meghódított 8000 méter feletti csúcsa.",images/mountains/annapurna-i.jpg
Gasherbrum I,8080,Pakisztán,,"Más néven Hidden Peak, azaz 'Rejtett Csúcs', mivel a Karakórumban elfoglalt helyzete miatt sokáig nehezen volt látható a környező hegyektől.",images/mountains/gasherbrum-i.jpg
Broad Peak,8051,Pakisztán,Karakorum,"Nevét brit felfedezője, Martin Conway adta 1892-ben az Alpokban álló Breithorn (""széles szarv"") mintájára, mivel a csúcs gerince csaknem két kilométer hosszan húzódik.",images/mountains/broad-peak.jpg
Gasherbrum II,8035,Pakisztán,,"A Gasherbrum-hegytömb legkönnyebben megmászható nyolcezrese, ezért gyakran ez az első nyolcezer méteres csúcs sok hegymászó pályafutásában.",images/mountains/gasherbrum-ii.jpg
Shishapangma,8027,Kína,,"Ez az egyetlen nyolcezres, amely teljes egészében kínai (tibeti) területen fekszik, és 1964-ben ez volt az utolsó a tizennégy nyolcezres közül, amelyet meghódítottak.",images/mountains/shishapangma.jpg
Gyachung Kang,7952,Nepál,,"Ez a legmagasabb olyan csúcs a Földön, amely nem éri el a 8000 métert, és a Cho Oyu valamint a Mount Everest közötti gerincvonulaton helyezkedik el.",images/mountains/gyachung-kang.jpg
Annapurna II,7937,Nepál,Himalája,"Első megmászása 1960-ban egy brit-indiai-nepáli közös expedíció sikere volt, jóval az Annapurna I meghódítása után.",images/mountains/annapurna-ii.jpg
Gasherbrum IV,7932,Pakisztán,,"A Gasherbrum-tömb tagja, és bár 7932 méterével nem éri el a 8000 métert, meredek, jeges gerincei miatt az egyik legnehezebben mászható himalájai csúcsnak számít; első megmászása 1958-ban Walter Bonatti és Carlo Mauri olasz hegymászók nevéhez fűződik.",images/mountains/gasherbrum-iv.jpg
Himalchuli,7893,Nepál,,"A Manaszlu-hegytömb részeként emelkedik, és a szomszédos Manaszlu árnyékában kevésbé ismert, pedig 7893 méterével maga is a világ legmagasabb csúcsai közé tartozik.",images/mountains/himalchuli.jpg
Distaghil Sar,7884,Pakisztán,,"A Karakórum Hispar Muztagh nevű alhegységének legmagasabb csúcsa, első megmászása csak 1960-ban, egy német-osztrák expedíciónak sikerült.",images/mountains/distaghil-sar.jpg
Ngadi Chuli,7871,Nepál,,"A Manaslu-masszívum része, korábban egyszerűen csak '29-es csúcsként' tartották számon, hivatalosan elismert első sikeres megmászása pedig 1979-ben, lengyel hegymászók nevéhez fűződik.",images/mountains/ngadi-chuli.jpg
Khunyang Chhish,7823,Pakisztán,,"A Karakórum Hispar Muztagh vonulatának egyik legnehezebben megközelíthető hétezrese, amelynek főcsúcsát csak 1971-ben sikerült elsőként megmászni.",images/mountains/khunyang-chhish.jpg
Masherbrum,7821,Pakisztán,,"A Karakorum csúcsát a 19. századi térképészek eredetileg K1 néven jelölték, mielőtt a ma K2 néven híres szomszédja megkapta volna a nevét, és csak 1960-ban másztak meg elsőként.",images/mountains/masherbrum.jpg
Nanda Devi,7817,India,,"India területén fekvő legmagasabb hegyet a hindu hagyomány istennőként tiszteli; a körülötte fekvő szentélyt 1983 óta természetvédelmi okokból lezárták a hegymászók elől, miután 1965-ben egy titkos akció során egy nukleáris meghajtású megfigyelőeszközt veszítettek el a hegy oldalában.",images/mountains/nanda-devi.jpg
Chomo Lonzo,7804,Kína,,"A Himalája keleti szakaszán, a Makalu-tömb közvetlen szomszédságában emelkedik, első megmászására 1954-ben egy francia expedíció vállalkozott.",images/mountains/chomo-lonzo.jpg
Batura Sar,7795,Pakisztán,Karakorum (Batura Muztagh),"A hegyet csak 1976-ban mászta meg elsőként egy nyugatnémet expedíció, miután egy 1959-es brit-német expedíció mind az öt tagja életét vesztette a csúcs jeges lejtőin.",images/mountains/batura-sar.jpg
Rakaposhi,7788,Pakisztán,,"A Karakorumban emelkedő csúcs a Hunza-völgy felől nézve megszakítás nélkül csaknem 5900 métert emelkedik, ami a Föld egyik legnagyobb folyamatos hegyoldal-magasságkülönbsége.",images/mountains/rakaposhi.jpg
Namcha Barwa,7782,Kína,,"A Himalája legkeletibb 7000 méter feletti csúcsa, ahol a Jarlung-Cangpo folyó éles kanyarulatot ír le; ez volt az utolsó a világ nyolcezres és jelentős hétezres csúcsai közül, amelyet 1992-ben sikerült elsőként megmászni.",images/mountains/namcha-barwa.jpg
Kanjut Sar,7760,Pakisztán,,"A Karakórum egyik legelszigeteltebb hétezrese, amelyet csak 1959-ben, egy osztrák–német expedíció mászott meg elsőként.",images/mountains/kanjut-sar.jpg
Kamet,7756,India,,"1931-ben Frank Smythe brit expedíciója mászta meg elsőként, ezzel ez lett az első 7500 méter fölötti csúcs, amelyet ember biztonságosan megjárt és vissza is tért róla.",images/mountains/kamet.jpg
Dhaulagiri II,7751,Nepál,,"A Dhaulagiri-hegytömb második legmagasabb csúcsa, első megmászására csak 1971-ben, jóval a főcsúcs 1960-as meghódítása után került sor.",images/mountains/dhaulagiri-ii.jpg
Saltoro Kangri,7742,Pakisztán,,"A Karakorumban, a vitatott Siachen-gleccser vidékén emelkedő csúcsot térképészeti jelölés alapján egyszerűen csak 36-os csúcsnak is nevezik.",images/mountains/saltoro-kangri.jpg
Kumbhakarna (Jannu),7711,Nepál,,"Nevét a Rámájana eposz óriás démonáról, Kumbhakarnáról kapta, félelmetes, meredek északi falát 1962-ben mászta meg elsőként egy francia expedíció.",images/mountains/kumbhakarna-jannu.jpg
Tirich Mir,7708,Pakisztán,,"A Hindukus hegység legmagasabb csúcsa, első megmászása 1950-ben Arne Naess norvég expedíciójának sikerült, még azelőtt, hogy bármelyik 8000 méteres csúcsot meghódították volna.",images/mountains/tirich-mir.jpg
Gurla Mandhata,7694,Kína,,A szent Manaszarovar-tó közelében emelkedő csúcs a hindu és buddhista hagyományban a közeli Kailash-hegyhez hasonlóan szent hegynek számít.,images/mountains/gurla-mandhata.jpg
Saser Kangri I,7672,India,,A Karakorum Saser Muztagh nevű hegyláncának legmagasabb csúcsát 1973-ban egy indiai-tibeti expedíció mászta meg elsőként.,images/mountains/saser-kangri-i.jpg
Chogolisa,7665,Pakisztán,,"Menyasszony-csúcs (Bride Peak) néven is ismert; 1957-ben itt veszítette életét Hermann Buhl világhírű osztrák hegymászó, amikor egy hóval borított szikla leszakadt alatta.",images/mountains/chogolisa.jpg
Kongur Tagh,7649,Kína,,"A Pamír legmagasabb csúcsa, amelyet elsőként 1981-ben Chris Bonington vezette brit expedíció, Peter Boardman, Al Rouse és Michael Ward részvételével mászott meg.",images/mountains/kongur-tagh.jpg
Shispare,7611,Pakisztán,,"A Karakorum Hispar Muztagh vonulatában emelkedő csúcsot 1974-ben egy lengyel expedíció mászta meg elsőként, jellegzetes, meredek piramis alakja miatt hegymászók körében rendkívül tiszteletnek örvend.",images/mountains/shispare.jpg
Trivor,7577,Pakisztán,,"A Karakórum Hispar Muztagh nevű hegyláncának egyik csúcsa, a szomszédos Hispar-gleccser a sarkvidékeken kívüli egyik leghosszabb gleccser a Földön.",images/mountains/trivor.jpg
Gongga Shan,7556,Kína,,"Minya Konka néven is ismert, és környezetéből olyan meredeken emelkedik ki, hogy relatív függőleges kiemelkedése egyes mérések szerint még a Mount Everestét is felülmúlja; első megmászása 1932-ben amerikai hegymászóknak sikerült.",images/mountains/gongga-shan.jpg
Annapurna III,7555,Nepál,Himalája,"Első megmászása 1961-ben történt, Mohan Singh Kohli vezette indiai expedíció révén.",images/mountains/annapurna-iii.jpg
Skyang Kangri,7545,Pakisztán,,"A K2-től alig néhány kilométerre északra emelkedik, lépcsőzetesen kiugró gerincformája miatt angolul ""Staircase Peak"", azaz Lépcső-csúcs néven is ismert.",images/mountains/skyang-kangri.jpg
Changtse,7543,Kína,Himalája,"Neve tibeti nyelven egyszerűen ""északi csúcsot"" jelent, mivel az Everesttől északra emelkedik, azzal az Északi-nyereg köti össze.",images/mountains/changtse.jpg
Kula Kangri,7538,Kína,,"A Kína–Bhután határon emelkedő csúcsot sokáig tévesen Bhután legmagasabb hegyének hitték, míg pontosabb mérésekkel ki nem derült, hogy az egészében bhutáni területen fekvő Gangkhar Puensum még magasabb.",images/mountains/kula-kangri.jpg
Kongur Tiube,7530,Kína,,"A Kongur Tagh szomszédságában emelkedő pamíri csúcs, amely a hegység kevésbé ismert, ám alig alacsonyabb tagja.",images/mountains/kongur-tiube.jpg
Mamostong Kangri,7516,India,,"A Karakorum keleti, Rimo-hegységi részén található, rendkívül elszigetelt csúcs, amelyet elsőként egy indiai-japán közös expedíció mászott meg 1984-ben.",images/mountains/mamostong-kangri.jpg
Saser Kangri II E,7513,India,,"A Saser Muztagh láncolat kevéssé ismert csúcsa, melynek keleti előcsúcsa a mai napig az egyik legritkábban meglátogatott hétezeres a Karakorumban.",images/mountains/saser-kangri-ii-e.jpg
Muztagh Ata,7509,Kína,,A Pamír-hegység 'jéghegyek atyjának' nevezett csúcsa rendkívül enyhe lejtői miatt az egyik legkönnyebben megmászható és síelhető 7000 méter feletti hegy a világon.,images/mountains/muztagh-ata.jpg
Ismoil Somoni Peak,7495,Tádzsikisztán,,"Ez a Tádzsikisztán legmagasabb csúcsa a szovjet időkben előbb Sztálin-csúcs, majd Kommunizmus-csúcs néven volt ismert, mai nevét a függetlenné válás után az ország középkori alapítójáról, Iszmail Számánidáról kapta.",images/mountains/ismoil-somoni-peak.jpg
Saser Kangri III,7495,India,,"A Saser Muztagh harmadik nagy csúcsa, melyet a szomszédos Siachen-gleccsért folytatott indiai-pakisztáni konfliktus miatt hosszú ideig gyakorlatilag lehetetlen volt megközelíteni.",images/mountains/saser-kangri-iii.jpg
Noshaq,7492,Afganisztán,,"Afganisztán legmagasabb csúcsa a Hindu Kus hegységben emelkedik, és ez a legmagasabb hegy a világon, amely sem a Himalájában, sem a Karakorumban nem található.",images/mountains/noshaq.jpg
Pumari Chhish,7492,Pakisztán,,"A Karakorum Hispar Muztagh láncolatában emelkedő csúcsot csak 1979-ben mászták meg először, azóta is a világ egyik legritkábban megkísérelt hétezerese.",images/mountains/pumari-chhish.jpg
Passu Sar,7476,Pakisztán,,"A Karakorum hegység Batura Muztagh nevű alhegységének csúcsa, amelynek első megmászása körül máig vita van: egyes források szerint már 1978-ban, mások szerint csak 1994-ben sikerült elsőként a tetejére jutni.",images/mountains/passu-sar.jpg
Yukshin Gardan Sar,7469,Pakisztán,,"A Karakórum Hispar Muztagh hegyláncának egyik kevésbé ismert, ritkán megmászott hétezres csúcsa Pakisztánban.",images/mountains/yukshin-gardan-sar.jpg
Teram Kangri I,7462,Kína,,"A Karakórum északkeleti részén, a Sziacsen-gleccser fölött emelkedik, abban a Kasmír-térségben, amelyre India és Pakisztán is igényt tart, és amely a világ legmagasabban fekvő katonai terepének számít.",images/mountains/teram-kangri-i.jpg
Jongsong Peak,7462,India,,"A csúcs pontosan azon a hármashatáron áll, ahol Nepál, India és Kína (Tibet) találkozik, ezért geopolitikai szempontból is kiemelt jelentőségű pont a Himalájában.",images/mountains/jongsong-peak.jpg
Malubiting,7458,Pakisztán,,"A pakisztáni Karakorum hegység Rakaposhi-Batura csoportjában emelkedő, több különálló tornyú, ritkán megmászott hétezres csúcs.",images/mountains/malubiting.jpg
Gangapurna,7455,Nepál,,"Az Annapurna-hegytömb része, lábánál a Gangapurna-tavat a csúcs gleccserének olvadékvize táplálja.",images/mountains/gangapurna.jpg
Jengish Chokusu,7439,Kirgizisztán,,"Pik Pobeda, azaz Győzelem-csúcs néven is ismert, ez a Tien-san hegység legmagasabb pontja és egyben a Föld legészakabbra fekvő 7000 méter feletti csúcsa.",images/mountains/jengish-chokusu.jpg
K12,7428,Pakisztán,,"A Karakórum hegység egyik kevésbé ismert hétezrese, amely a híres K2 közvetlen szomszédságában emelkedik, mégis viszonylag ritkán mászott csúcs maradt.",images/mountains/k12.png
Yangra (Ganesh I),7422,Nepál,,"A Ganesh-hegycsoport legmagasabb csúcsa Nepálban, nevét az elefántfejű hindu istenségről, Ganésáról kapta, mivel sziluettje állítólag egy elefántfejre emlékeztet.",images/mountains/yangra-ganesh-i.jpg
Sia Kangri,7422,Pakisztán,,"A Karakorum Siachen-gleccsér fölé magasodó csúcsát 1934-ben Günter Dyhrenfurth nemzetközi expedíciója mászta meg elsőként, tömbje ma Pakisztán és Kína határán húzódik.",images/mountains/sia-kangri.jpg
Momhil Sar,7414,Pakisztán,,"A pakisztáni Karakorum Hispar Muztagh nevű vonulatában emelkedő, ritkán megmászott hétezres csúcs.",images/mountains/momhil-sar.jpg
Kabru North,7412,India,,"A Kangcsendzönga-masszívum része, ikercsúcsával, a Kabru Southszal együtt alkot impozáns gerincet a Nepál–India határvidéken.",images/mountains/kabru-north.jpg
Skil Brum,7410,Pakisztán,,"A Karakórum hegységben, a Baltoro-gleccser vidékén emelkedik, első megmászása 1957-ben egy osztrák expedíciónak sikerült, amely ugyanabban az évben a szomszédos Broad Peaket is meghódította.",images/mountains/skil-brum.jpg
Haramosh Peak,7409,Pakisztán,,"A Karakórum hegységben fekvő csúcs egy 1957-es expedíció tragédiájáról vált ismertté, amikor egy lavina brit hegymászókat temetett maga alá a hegy jeges gerincén.",images/mountains/haramosh-peak.jpg
Istor-o-Nal,7403,Pakisztán,,"A Hindukus hegység egyik legmagasabb csúcsa, amely több különálló gerincből és élből tevődik össze, ami rendkívül összetett és ritkán mászott hegymászó terepet jelent.",images/mountains/istor-o-nal.jpg
Ghent Kangri,7401,Pakisztán,,"A Karakórum hegység Saltoro-hegyláncának részeként emelkedik a Sziacsen-gleccser közelében, amely a világ egyik legmagasabban fekvő és leghidegebb katonai konfliktusövezete.",images/mountains/ghent-kangri.png
Ultar,7388,Pakisztán,,"A pakisztáni Hunza-völgy fölé meredeken toronyló csúcs, technikás és veszélyes útvonalai miatt sokáig az egyik legnehezebben megmászható hétezresnek számított, teljes megmászása csak 1996-ban sikerült.",images/mountains/ultar.jpg
Rimo I,7385,India,,A Karakorum Siachen-gleccser vidékén emelkedő csúcsot rendkívüli elszigeteltsége és a térség politikai feszültségei miatt a mai napig alig másztak meg.,images/mountains/rimo-i.jpg
Churen Himal,7385,Nepál,,"A Dhaulagiri-hegytömb nyugati részéhez tartozó csúcs, keleti előcsúcsát 1970-ben egy japán expedíció mászta meg elsőként.",images/mountains/churen-himal.jpg
Teram Kangri III,7382,India,,"A Teram Kangri hegycsoport tagja a Sziacsen-gleccser vidékén, a csoport csúcsai közül is az egyik kevésbé kutatott, ritkán megmászott hétezres.",images/mountains/teram-kangri-iii.jpg
Sherpi Kangri,7380,Pakisztán,,"A Karakorum egyik nehezen megközelíthető csúcsa, melyet 1963-ban egy olasz-pakisztáni közös expedíció mászott meg elsőként.",images/mountains/sherpi-kangri.jpg
Labuche Kang,7367,Kína,,"Tibeti csúcs a Himalájában, közel a nepáli határhoz, amelynek több, egymáshoz közeli csúcsa alkotja a masszívumot.",images/mountains/labuche-kang.jpg
Kirat Chuli,7362,Nepál,,"Sátor-csúcsként is ismert, a Kangcsendzönga-masszívum egyik tagja, amely Nepál, India és Kína határvidékén emelkedik.",images/mountains/kirat-chuli.jpg
Saraghrar,7349,Pakisztán,,"A Hindukus keleti felének legmagasabb csúcsa a pakisztáni Csitrál tartományban emelkedik, első megmászására 1959-ben egy japán expedíció vállalkozott.",images/mountains/saraghrar.jpg
Jomolhari,7326,Bhután,,"A tibeti buddhista hagyomány szerint a hegyen egy istennő lakik, és a csúcsot elsőként 1937-ben Frederick Spencer Chapman és Pasang Dawa Lama serpa mászta meg.",images/mountains/jomolhari.jpg
Chamlang,7321,Nepál,Himalája (Mahalangur Himal),"Sherpa nyelven neve ""nagy, szárnyát verő madarat"" jelent alakja miatt, és csúcsáról öt nyolcezres hegy, köztük az Everest is látható.",images/mountains/chamlang.jpg
Chongtar,7315,Pakisztán,,"A Karakórum egyik kevésbé ismert csúcsa, a hosszú és nehezen megközelíthető Sziacsen-gleccser vidékén emelkedik, amely a sarkvidékeken kívül a világ egyik leghosszabb gleccsere.",images/mountains/chongtar.jpg
Khan Tengri,7010,Kazahsztán,,"Márvány csúcsa napnyugtakor vörösen izzik, ezért a helyiek ""Vérhegynek"" is nevezik, valódi sziklaszintje 6995 méter, a fennmaradó magasságot egy örök jégsapka adja.",images/mountains/khan-tengri.jpg
Machapuchare,6993,Nepál,,"Neve nepáliul ""halfarkat"" jelent jellegzetes kétágú csúcsformája miatt, és mivel a helyiek szent hegynek tekintik, 1957 óta hivatalosan senki sem kapott engedélyt a tényleges csúcsára való feljutásra.",images/mountains/machapuchare.jpg
Aconcagua,6961,Argentína,Andok,"A nevének eredete vitatott, egyik magyarázat szerint a kecsua ""Ackon Cahuak"" (""kőóriás"") szóból ered, és 1897-ben egy svájci hegyivezető, Matthias Zurbriggen mászta meg elsőként.",images/mountains/aconcagua.jpg
Ojos del Salado,6893,Chile,,"A világ legmagasabb aktív vulkánja a chilei-argentin határon áll, csúcsa közelében egy kráter-tó fekszik, amely a Föld egyik legmagasabban elhelyezkedő tava.",images/mountains/ojos-del-salado.jpg
Ama Dablam,6812,Nepál,Himalája,"Neve sherpa nyelven ""anya nyaklánca""-t jelent: az oldalgerincek az ölelő karokra, a rajtuk csüngő gleccser pedig a sherpa nők hagyományos ékszerére emlékeztet.",images/mountains/ama-dablam.jpg
Huascarán,6768,Peru,,"Peru legmagasabb csúcsa, amelynek 1970-es földrengés kiváltotta jég- és sárlavinája elpusztította Yungay városát, és a történelem egyik legpusztítóbb hegyi katasztrófájává vált.",images/mountains/huascaran.jpg
Mount Kailash,6638,Kína,,"A hinduizmus, a buddhizmus, a dzsainizmus és a bön vallás is szent hegynek tartja, ezért tiszteletből a mai napig senki sem mászta meg a csúcsát.",images/mountains/mount-kailash.jpg
Sajama,6542,Bolívia,,"Bolívia legmagasabb, kialudt vulkánját a világon legmagasabban növő fafaj, a polylepis erdők övezik, melyek egészen 5200 méteres magasságig felkúsznak a lejtőin.",images/mountains/sajama.jpg
Illimani,6438,Bolívia,,"A La Paz városából is jól látható csúcsot az Aymara néphagyomány szent hegynek, achachilának tekinti, amely a helyiek szerint védelmezi a bolíviai fővárost.",images/mountains/illimani.jpg
Chimborazo,6263,Ecuador,Andok (vulkán),"A Föld enyhe egyenlítői kidudorodása miatt a bolygó középpontjától mérve ez a legmagasabb pont a Földön, még az Everestnél is távolabb esik.",images/mountains/chimborazo.jpg
Denali,6190,Amerikai Egyesült Államok,,"Észak-Amerika legmagasabb csúcsa, 2015-ig hivatalosan Mount McKinley néven szerepelt a térképeken, mire visszakapta eredeti, athabaszkán 'a magas' jelentésű nevét.",images/mountains/denali.jpg
Mount Logan,5959,Kanada,,"Kanada legmagasabb csúcsa, alapkerülete a legnagyobb minden nem vulkanikus eredetű hegy közül a Földön.",images/mountains/mount-logan.jpg
Alpamayo,5947,Peru,Andok (Cordillera Blanca),"1966-ban a német Alpinismus hegymászó magazin nemzetközi fotópályázatán szimmetrikus, jégcsipkés piramis alakja miatt a világ legszebb hegyének választották.",images/mountains/alpamayo.jpg
Cotopaxi,5897,Ecuador,,"A Föld egyik legmagasabb aktív vulkánja, kecsua eredetű neve egyes értelmezések szerint 'a Hold nyakát' jelenti, legutóbbi jelentős kitörése 2015-ben volt.",images/mountains/cotopaxi.jpg
Kilimanjaro,5895,Tanzánia,,"Három vulkáni kúpból áll (Kibo, Mawenzi és Shira), Afrika legmagasabb pontja és a világ legmagasabb szabadon álló hegye, csúcsi jégsapkája azonban gyorsan olvad.",images/mountains/kilimanjaro.jpg
Hkakabo Razi,5881,Mianmar,,"Mianmar és egyben Délkelet-Ázsia egyik legmagasabb csúcsaként tartják számon, bár a pontos rangsorolás a közeli Kang Karpo csúccsal folytatott vita miatt máig nem egyértelmű.",images/mountains/hkakabo-razi.jpg
El Misti,5822,Peru,,"A perui Arequipa városa fölé magasodó, szinte tökéletes kúp alakú sztratovulkán, tetején 1998-ban hegymászók inka gyermekáldozatok mumifikálódott maradványaira bukkantak.",images/mountains/el-misti.jpg
Pico Cristóbal Colón,5775,Kolumbia,,"A Sierra Nevada de Santa Marta csúcsaként ez a Föld tengerparthoz legközelebb eső magas hegye, mindössze 42 kilométerre a Karib-tenger partjától.",images/mountains/pico-cristobal-colon.jpg
Mount Elbrus,5642,Oroszország,,"Európa legmagasabb csúcsa, egy alvó vulkán a Kaukázusban, amely a hegymászók által áhított „Hét csúcs” kihívás egyik állomása.",images/mountains/mount-elbrus.jpg
Pico de Orizaba,5636,Mexikó,,"Az aztékok Citlaltépetlnek, azaz ""csillag-hegynek"" hívták ezt a Mexikó legmagasabb pontját adó, még mindig aktívnak számító sztratovulkánt.",images/mountains/pico-de-orizaba.jpg
Damavand,5610,Irán,,"Irán és egyben a Közel-Kelet legmagasabb pontja, alvó sztratovulkán, amely a perzsa mitológiában a legyőzött Zahhák démon fogva tartásának helyszíne.",images/mountains/damavand.jpg
Popocatépetl,5393,Mexikó,,"Neve nahuatl nyelven ""füstölgő hegyet"" jelent, és a mai napig rendszeresen bocsát ki hamut és gőzt, ezért folyamatos megfigyelés alatt áll.",images/mountains/popocatepetl.jpg
Iztaccíhuatl,5230,Mexikó,,"Neve nahuatl nyelven fehér asszonyt jelent, mivel sziluettje egy hátán fekvő nő alakját formázza, és az azték legenda szerint a szomszédos Popocatépetl vulkán szerelmese volt.",images/mountains/iztaccihuatl.jpg
Shkhara,5203,Grúzia,,"Grúzia legmagasabb csúcsa a Kaukázus főgerincén emelkedik, tömbje Grúzia és Oroszország határán húzódik, teteje már orosz területen fekszik.",images/mountains/shkhara.jpg
Mount Kenya,5199,Kenya,,"Afrika második legmagasabb hegye a Kilimandzsáró után, egy kihunyt vulkán, amelyről magát Kenya országa is a nevét kapta.",images/mountains/mount-kenya.jpg
Mount Ararat,5137,Törökország,,"Törökország legmagasabb hegye, a Biblia szerint itt kötött ki Noé bárkája az özönvíz után, ezért jeges csúcsán a mai napig expedíciók kutatnak a bárka nyomai után.",images/mountains/mount-ararat.jpg
Margherita Peak,5110,Uganda,,"A Ruwenzori-hegység, azaz a ""Hold hegyei"" legmagasabb pontja, amelyet Savoyai Margit olasz királynéról neveztek el, és amelyet az egyenlítő közelsége ellenére ma is gleccserek borítanak.",images/mountains/margherita-peak.jpg
Mount Stanley,5109,Kongói Demokratikus Köztársaság,,"A Rwenzori-hegység legmagasabb csúcsa, amelynek Margherita nevű tetőpontján az egyenlítő közelében, trópusi éghajlaton is örök hó és gleccser található; nevét Henry Morton Stanley felfedezőről kapta.",images/mountains/mount-stanley.jpg
Pico Bolívar,4978,Venezuela,,"Venezuela legmagasabb csúcsát Simón Bolívar szabadságharcosról nevezték el, tetejére 2004-ig egy bronz mellszobrot is felvittek, amit a világ egyik legmagasabban fekvő felvonója, a mérida-i kabinos kötélpálya közelít meg.",images/mountains/pico-bolivar.jpg
Vinson Massif,4892,Antarktisz,,"Az Antarktisz legmagasabb csúcsa az Ellsworth-hegységben, első megmászása 1966-ban egy amerikai expedíciónak sikerült.",images/mountains/vinson-massif.jpg
Puncak Jaya,4884,Indonézia,,"Óceánia legmagasabb csúcsa, más néven Carstensz-piramis, a hét kontinens hét csúcsa listán is szerepel, és bár az egyenlítőhöz közel fekszik, tetején egykor gleccser is volt, mely mára szinte teljesen elolvadt.",images/mountains/puncak-jaya.jpg
Mont Blanc,4808,Franciaország,,"Az Alpok és Nyugat-Európa legmagasabb csúcsa, első megmászása 1786-ban Jacques Balmat és Michel-Gabriel Paccard nevéhez fűződik, amit sokan a modern hegymászás születésének pillanataként tartanak számon.",images/mountains/mont-blanc.jpg
Klyuchevskaya Sopka,4750,Oroszország,,"Eurázsia legmagasabb aktív vulkánja Kamcsatkán, amely szinte folyamatosan füstöl, és minden nagyobb kitörés után egy kicsit magasabb lesz.",images/mountains/klyuchevskaya-sopka.jpg
Khazret Sultan,4643,Üzbegisztán,,"Üzbegisztán legmagasabb pontja a Hiszár-hegységben található, a Pamír-Alaj hegyrendszer részeként.",images/mountains/khazret-sultan.jpg
Dufourspitze,4634,Svájc,,"Svájc legmagasabb csúcsa a Monte Rosa-tömbben, nevét Guillaume-Henri Dufour svájci tábornokról és térképészről kapta.",images/mountains/dufourspitze.jpg
Ras Dashen,4550,Etiópia,,"Etiópia legmagasabb csúcsa az UNESCO világörökség részét képező Szimien-hegységben található, ahol a világon máshol sehol elő nem forduló gelada páviánok élnek.",images/mountains/ras-dashen.jpg
Dom,4545,Svájc,,"A Mischabel-hegylánc legmagasabb csúcsa, ez a legmagasabb hegy, amely teljes egészében Svájc területén, az országhatáron kívül fekszik.",images/mountains/dom.jpg
Mount Wilhelm,4509,Pápua Új-Guinea,,"Pápua Új-Guinea legmagasabb csúcsát II. Vilmos német császárról nevezték el, és bár az egyenlítőhöz közel fekszik, télen időnként hó is hullik a tetejére.",images/mountains/mount-wilhelm.jpg
Mount Karisimbi,4507,Ruanda,,"A Virunga-hegylánc legmagasabb vulkánja Ruanda és Kongó határán, lejtőin élnek a világ utolsó vadon élő hegyi gorillái.",images/mountains/mount-karisimbi.jpg
Weisshorn,4506,Svájc,,"A Pennini-Alpok egyik csúcsa Svájcban, szabályos piramisformája miatt gyakran nevezik az Alpok egyik legszebb, legarányosabb hegyének.",images/mountains/weisshorn.jpg
Matterhorn,4478,Svájc,,"Jellegzetes piramis alakja miatt a világ egyik legtöbbet fotózott hegye, első megmászása 1865-ben Edward Whymper vezetésével történt, de a lemászás során négy társa életét vesztette.",images/mountains/matterhorn.jpg
Bazardüzü,4466,Azerbajdzsán,Nagy-Kaukázus,"Neve azeri nyelven ""piactér""-t jelent, mivel a középkorban a hegy alatti völgyben nagy nemzetközi vásárokat tartottak.",images/mountains/bazarduzu.jpg
Mount Whitney,4421,Amerikai Egyesült Államok,,"Az Amerikai Egyesült Államok szárazföldi részének legmagasabb csúcsa mindössze körülbelül 136 kilométerre fekszik a Halál-völgytől, Észak-Amerika legmélyebb pontjától, így itt található a kontinens egyik legnagyobb magasságkülönbsége ilyen rövid távolságon belül.",images/mountains/mount-whitney.jpg
Mount Elbert,4401,Amerikai Egyesült Államok,,"A Sziklás-hegység legmagasabb csúcsa, és a Mount Whitney után az Egyesült Államok kontinentális területének második legmagasabb pontja.",images/mountains/mount-elbert.jpg
Mount Rainier,4392,Amerikai Egyesült Államok,,"Washington állam legmagasabb hegye, egy aktív sztratovulkán, amelynek gleccserei a kontinentális Egyesült Államok legnagyobb egybefüggő jégtakaróját alkotják.",images/mountains/mount-rainier.jpg
Khüiten Peak,4356,Mongólia,,"Neve mongolul ""hideg csúcsot"" jelent, és az Altaj-hegység Tavan Bogd masszívumában, Mongólia, Oroszország és Kína hármashatárának közelében található.",images/mountains/khuiten-peak.jpg
Longs Peak,4346,Amerikai Egyesült Államok,,"A Sziklás-hegység egyik legismertebb csúcsa, keleti oldalán a híres Gyémánt-fal (The Diamond) húzódik, amelyet a hegymászók Amerika egyik legnehezebb, technikás mászóútvonalaként tartanak számon.",images/mountains/longs-peak.jpg
Grand Combin,4314,Svájc,,"A Pennini-Alpok tömbje valójában több különálló csúcsból áll, ezek közül a legmagasabb a Combin de Grafeneire, amelyet a hegy fő csúcsaként tartanak számon.",images/mountains/grand-combin.jpg
Pikes Peak,4302,Amerikai Egyesült Államok,,"Katharine Lee Bates 1893-ban a csúcsról nyíló kilátás ihlette meg az ""America the Beautiful"" című dal megírásakor, a hegyen ma is évente rendeznek híres hegyi autóversenyt.",images/mountains/pikes-peak.jpg
Mauna Kea,4207,Amerikai Egyesült Államok,,"Ha a tengerfenéktől mérjük, ez a Föld legmagasabb hegye, hiszen alapjától a csúcsáig több mint 10000 méter magas, tetején pedig a kiváló légköri viszonyok miatt a világ egyik legfontosabb csillagászati obszervatóriuma működik.",images/mountains/mauna-kea.jpg
Volcán Tajumulco,4203,Guatemala,,"Közép-Amerika legmagasabb csúcsa, kialudt vulkán Guatemalában, tetejéről tiszta időben a Csendes-óceán is kivehető.",images/mountains/volcan-tajumulco.jpg
Grand Teton,4199,Amerikai Egyesült Államok,,"A Teton-hegység legmagasabb csúcsa, amelynek első megmászását sokáig vitatták: egy 1872-es expedíció állítólagos sikerét csak az 1898-ban végrehajtott, hivatalosan is elismert megmászás után fogadta el a hegymászó közösség.",images/mountains/grand-teton.jpg
Mauna Loa,4169,Amerikai Egyesült Államok,,"A Föld térfogat szerint legnagyobb aktív vulkánja, amely legutóbb 2022-ben tört ki, s a láva ekkor veszélyesen megközelítette Hilo város peremét.",images/mountains/mauna-loa.jpg
Jbel Toubkal,4167,Marokkó,,"Az Atlasz-hegység és egyben egész Észak-Afrika legmagasabb csúcsa, amelyet évente több tízezer túrázó mászik meg, mivel Marrákestől viszonylag könnyen megközelíthető.",images/mountains/jbel-toubkal.jpg
Jungfrau,4158,Svájc,,"A csúcsot 1811-ben a Meyer fivérek mászták meg elsőként, ma pedig a lábánál húzódó Jungfraujoch, Európa legmagasabban fekvő vasútállomása, ""Top of Europe"" néven vonzza a turistákat.",images/mountains/jungfrau.jpg
Mönch,4107,Svájc,,"Neve németül 'szerzetest' jelent, és a Berni-Alpokban az Eiger ('ogre') és a Jungfrau ('szűz') közé ékelődve a helyi monda szerint azért áll ott, hogy megvédje a szüzet az ogrétól.",images/mountains/monch.jpg
Gunung Kinabalu,4095,Malajzia,,"Borneó legmagasabb csúcsa egy gránit magmatest, amely a becslések szerint még ma is emelkedik, lejtőin pedig a világ legnagyobb virágú növénye, a Rafflesia is megtalálható.",images/mountains/gunung-kinabalu.jpg
Mount Aragats,4090,Örményország,,"Örményország legmagasabb pontja, egy kihunyt pajzsvulkán, melynek egykori kráterét négy különálló csúcs, az északi, nyugati, déli és keleti veszi körül.",images/mountains/mount-aragats.jpg
Gran Paradiso,4061,Olaszország,,"Ez az egyetlen 4000 méter feletti csúcs, amely teljes egészében olasz területen fekszik, és a róla elnevezett nemzeti park Olaszország legrégebbi természetvédelmi területe.",images/mountains/gran-paradiso.jpg
Piz Bernina,4049,Svájc,,"Ez az egyetlen 4000 méter feletti csúcs az Alpok keleti felében, róla kapta nevét a Bernina-csoport, gleccserén húzódik Svájc és Olaszország határa.",images/mountains/piz-bernina.jpg
Mount Cameroon,4040,Kamerun,,"Nyugat- és Közép-Afrika legaktívabb tűzhányója, amely az elmúlt száz évben többször is kitört, legutóbb 2000-ben.",images/mountains/mount-cameroon.jpg
Eiger,3967,Svájc,,"Híres északi fala, az 'Eiger-Nordwand', a hegymászás egyik legveszélyesebb kihívásának számított, első megmászására csak 1938-ban került sor.",images/mountains/eiger.jpg
Mount Robson,3954,Kanada,,"A Kanadai-Sziklás-hegység legmagasabb csúcsa, meredek, gyakran felhőbe burkolózó fala miatt a hegymászók „a felhők királyának” nevezik.",images/mountains/mount-robson.jpg
Yu Shan,3952,Tajvan,,"Tajvan legmagasabb csúcsa, neve ""Jade-hegyet"" jelent, és 3952 méterével magasabb, mint a japán Fuji-hegy.",images/mountains/yu-shan.png
Ortler,3905,Olaszország,,"Az Ortler-Alpok legmagasabb csúcsa az első világháború idején az úgynevezett 'fehér háború' egyik hadszíntere volt, ahol a katonák alagutakat és állásokat vájtak a gleccserjégbe.",images/mountains/ortler.jpg
Cerro Chirripó,3821,Costa Rica,Talamanca-hegység,"Csúcsvidékén az utolsó jégkorszak öröksége nyomán gleccsertavak sora található, ez adta indián eredetű nevét is, amely ""az örök vizek földjét"" jelenti.",images/mountains/cerro-chirripo.jpg
Grossglockner,3798,Ausztria,,"Ausztria legmagasabb csúcsa, amelyről elnevezett Grossglockner-hegyi út Európa egyik leglátványosabb, magashegyi panorámákkal teli útja.",images/mountains/grossglockner.jpg
Mount Erebus,3794,Antarktisz,,"A Föld legdélebbi aktív tűzhányója, kráterében ritka jelenségként állandó lávató bugyog.",images/mountains/mount-erebus.jpg
Mount Fuji,3776,Japán,,"Japán legmagasabb és legszentebb hegye, tökéletes kúp alakú aktív vulkán, amelyet az UNESCO 2013-ban a világörökség részévé nyilvánított.",images/mountains/mount-fuji.jpg
Wildspitze,3768,Ausztria,,"Ausztria második legmagasabb csúcsa az Ötztali-Alpokban, tetejét egykor szinte teljesen gleccser borította, amely az éghajlatváltozás miatt az elmúlt évtizedekben jelentősen visszahúzódott.",images/mountains/wildspitze.jpg
Jabal an Nabi Shu'ayb,3666,Jemen,,"Jemen és egyben az egész Arab-félsziget legmagasabb csúcsa, amelynek neve Su'ajb prófétára utal, akit a helyi hagyomány szerint a hegy lábánál temettek el.",images/mountains/jabal-an-nabi-shu-ayb.jpg
Mount Assiniboine,3618,Kanada,,"Kiugróan meredek, piramis alakú csúcsa miatt a hegymászók gyakran csak „a Sziklás-hegység Matterhornjaként” emlegetik.",images/mountains/mount-assiniboine.jpg
Cheekha Dar,3611,Irak,Zagrosz-hegység,"Neve kurd nyelven ""fekete sátort"" jelent, csúcsa pedig az iraki-iráni határon fekszik.",images/mountains/cheekha-dar.jpg
Thabana Ntlenyana,3482,Lesotho,,"Lesotho és egyben egész Dél-Afrika legmagasabb pontja, szotó nyelven a neve ""gyönyörű kis hegyet"" jelent.",images/mountains/thabana-ntlenyana.jpg
Volcán Barú,3475,Panama,,"Panama legmagasabb pontja és egyetlen olyan helye, ahonnan tiszta időben egyszerre látható a Csendes-óceán és a Karib-tenger.",images/mountains/volcan-baru.jpg
Mafadi,3450,Dél-afrikai Köztársaság,,"A Dél-afrikai Köztársaság legmagasabb pontja, a Lesothóval közös határ mentén húzódó Drakensberg-hegység sziklás gerincén emelkedik.",images/mountains/mafadi.jpg
Emi Koussi,3447,Csád,,"Csád legmagasabb csúcsa, a Tibeszti-hegység egyik hatalmas pajzsvulkánja, kráterében Afrika egyik legnagyobb vulkáni kalderája található.",images/mountains/emi-koussi.jpg
Mount Hood,3429,Amerikai Egyesült Államok,,"Oregon állam legmagasabb hegye, egy aktív sztratovulkán, amelyet a geológusok az Egyesült Államok egyik legnagyobb kitörési kockázatú hegyének tartanak.",images/mountains/mount-hood.jpg
Fitz Roy,3405,Argentína,,"A patagóniai Andok jellegzetes tűhegyes gránitcsúcsa, nevét Robert FitzRoy kapitányról, a Beagle hajó parancsnokáról kapta, aki fedélzetén vitte körbe a világot Charles Darwinnal.",images/mountains/fitz-roy.jpg
Etna,3357,Olaszország,,"Európa legmagasabb aktív vulkánja Szicíliában, szinte folyamatos működése miatt 2013-ban az UNESCO világörökség részévé nyilvánította.",images/mountains/etna.jpg
Marmolada,3343,Olaszország,,"A Dolomitok legmagasabb csúcsa, a ""Dolomitok királynője"", melynek gleccsere alá az első világháború idején egész alagút- és barakkrendszert, az úgynevezett ""jégvárost"" vájták a katonák.",images/mountains/marmolada.jpg
Mount Kita,3193,Japán,,"Japán második legmagasabb csúcsa a Fuji után, a Japán Alpok Hida-hegységének része.",images/mountains/mount-kita.jpg
Mount Hotaka,3190,Japán,,"A Japán Alpok részét képező Hida-hegység egyik csúcsa, sziklás gerincei miatt a japán technikás alpinizmus egyik bölcsőjének számít.",images/mountains/mount-hotaka.jpg
Kinyeti,3187,Dél-Szudán,,"Dél-Szudán legmagasabb csúcsa az Imatong-hegységben található, Uganda határa közelében.",images/mountains/kinyeti.jpg
Fansipan,3143,Vietnám,,"Indokína legmagasabb csúcsa, becenevén 'Indokína teteje', 2016 óta drótkötélpálya is felviszi a turistákat a tetejére.",images/mountains/fansipan.jpg
Aýrybaba,3138,Türkmenisztán,Köýtendag-hegység (Pamír-Alaj),"Neve türkmén nyelven ""különálló szent hegyet"" jelent, és 2004 óta hivatalosan Nagy Türkmenbasi-csúcsnak is nevezik.",images/mountains/ayrybaba.jpg
Cerro Torre,3128,Argentína,Patagóniai Andok (Fitz Roy-hegycsoport),"Cesare Maestri 1959-es állítólagos elsőmászását a hegymászó szakma a sporttörténet egyik legnagyobb átverésének tartja, mivel az egyetlen bizonyító fényképeket hordozó társa a leszálláskor életét vesztette.",images/mountains/cerro-torre.jpg
Pico Duarte,3101,Dominikai Köztársaság,,"A Karib-szigetvilág legmagasabb csúcsát Juan Pablo Duarte dominikai függetlenségi hősről nevezték el, teteje télen néha még deret és fagyot is kaphat.",images/mountains/pico-duarte.jpg
Qurnat as Sawda',3088,Libanon,,"Libanon legmagasabb csúcsának neve ""fekete sarkot"" jelent, lábánál húzódik a bibliai időkre visszanyúló, védett cédruserdő, a Libanoni Cédrusok Erdeje.",images/mountains/qurnat-as-sawda.jpg
Piton des Neiges,3070,Réunion,,"Réunion és egyben az egész Indiai-óceán legmagasabb csúcsa egy kialudt vulkán, neve ""hó-csúcsot"" jelent, bár a trópusi szigeten hó valójában szinte sosem esik rajta.",images/mountains/piton-des-neiges.jpg
Jabal Marrah,3042,Szudán,,"Szudán legmagasabb pontja egy vulkanikus tömb Darfúrban, kráterében fekvő tavai a rendkívül száraz régióban ritka és létfontosságú édesvízforrást jelentenek.",images/mountains/jabal-marrah.jpg
Emba Soira,3018,Eritrea,,"Eritrea legmagasabb pontja a közép-eritreai fennsíkon, az ország fővárosától, Asmarától délre húzódik.",images/mountains/emba-soira.png
Jabal Shams,3018,Omán,,"Omán legmagasabb csúcsának neve arabul a Nap hegyét jelenti, tövében húzódik a Wadi Ghul, amelyet gyakran Arábia Grand Canyonjaként emlegetnek.",images/mountains/jabal-shams.jpg
Jabal Soudah,3015,Szaúd-Arábia,,"Szaúd-Arábia legmagasabb pontja az Aszír-régióban emelkedik, ahol a magasság miatt jóval hűvösebb, csapadékosabb éghajlat uralkodik, mint az ország nagy részén, lejtőin borókaerdőkkel.",images/mountains/jabal-soudah.jpg
Pico Basilé,3011,Egyenlítői-Guinea,,"Egy kihunyt vulkán csúcsa a Bioko-szigeten, melyet a spanyol gyarmati időkben Pico de Santa Isabelnek, a brit korszakban Clarence Peaknek hívtak.",images/mountains/pico-basile.jpg
Mount Mulanje,3002,Malawi,,"Malawi és Közép-Afrika legmagasabb hegye, a síkságból hirtelen kiemelkedő gránittömb, amelynek erdeiből származik a híres mulanje cédrusfa.",images/mountains/mount-mulanje.jpg
Pico da Neblina,2995,Brazília,,"Neve portugálul ""köd-csúcsot"" jelent, mivel szinte állandó felhőtakaró fedi, ezért csak 1965-ben sikerült pontosan megmérni és megmászni.",images/mountains/pico-da-neblina.jpg
Zugspitze,2962,Németország,,"Németország legmagasabb csúcsa az osztrák határon, tetején működik az ország legmagasabban fekvő postahivatala.",images/mountains/zugspitze.jpg
Mount Apo,2954,Fülöp-szigetek,,"A Fülöp-szigetek legmagasabb csúcsa, egy alvó vulkán Mindanao szigetén, és otthont ad a rendkívül ritka Fülöp-szigeteki sasnak is.",images/mountains/mount-apo.jpg
Coma Pedrosa,2943,Andorra,,"Andorra legmagasabb csúcsa, neve katalánul nagyjából sziklás hegyi katlant jelent, utalva a csúcs alatti gleccservájta mélyedésre.",images/mountains/coma-pedrosa.jpg
Mount Paget,2935,Déli-Georgia,,"Déli-Georgia legmagasabb csúcsa, jeges, szinte teljesen feltáratlan hegy, amelyet először csak 1964-ben másztak meg.",images/mountains/mount-paget.jpg
Musala,2925,Bulgária,,"Nemcsak Bulgária, hanem egész a Balkán-félsziget legmagasabb csúcsa is egyben, neve a török-arab eredetű 'musalla' szóból származhat, ami imádkozóhelyet jelent.",images/mountains/musala.jpg
Mount Tahat,2908,Algéria,,"Algéria legmagasabb csúcsa a Szahara szívében húzódó, vulkanikus eredetű Hoggar-hegység (Ahaggar) részeként emelkedik ki a sivatagból.",images/mountains/mount-tahat.jpg
Maromokotro,2876,Madagaszkár,,"Madagaszkár legmagasabb pontja, a sziget északi részén emelkedő Tsaratanana-hegytömb sűrű esőerdővel borított csúcsa.",images/mountains/maromokotro.jpg
Cerro Las Minas,2870,Honduras,Celaque-hegység,"A csúcsot borító felhőerdőben él az endemikus Celaque-szalamandra, amely a világon máshol nem található meg.",images/mountains/cerro-las-minas.jpg
Triglav,2864,Szlovénia,,"Szlovénia legmagasabb csúcsa és nemzeti jelképe, sziluettje szerepel az ország zászlaján és címerén is.",images/mountains/triglav.jpg
Phou Bia,2830,Laosz,,"Laosz legmagasabb hegye a Xiangkhoang-fennsík déli peremén húzódik, környéke pedig a vietnami háború öröksége miatt még ma is fel nem robbant lőszerekkel szennyezett, korlátozottan megközelíthető terület.",images/mountains/phou-bia.jpg
Pico do Fogo,2829,Zöld-foki Köztársaság,,"A Fogo-sziget névadó, aktív vulkánja legutóbb 2014-2015-ben tört ki, lávája ekkor elpusztította a kráterben fekvő Chã das Caldeiras falut.",images/mountains/pico-do-fogo.jpg
Jabal el-Sheikh,2814,Szíria,,"A nyugati világban Hermon-hegyként ismert csúcs Libanon, Szíria és Izrael határvidékén emelkedik, egész éves hótakarója miatt már az ókorban is szent hegyként tisztelték, és a Bibliában is többször szerepel.",images/mountains/jabal-el-sheikh.jpg
Mount Ruapehu,2797,Új-Zéland,,"Új-Zéland Északi-szigetének aktív vulkánja, melynek havas kúpja szolgált A Gyűrűk Ura filmtrilógiában a Végzet Hegye helyszíneként.",images/mountains/mount-ruapehu.jpg
Mount Roraima,2772,Guyana,,"Egy tepui, vagyis asztalhegy Venezuela, Brazília és Guyana hármas határán, amely Arthur Conan Doyle „Az elveszett világ” című regényét ihlette.",images/mountains/mount-roraima.jpg
Golem Korab,2764,Észak-Macedónia,,"Ez a csúcs egyszerre Észak-Macedónia és Albánia legmagasabb pontja is, mivel a két ország közötti határvonalon húzódik.",images/mountains/golem-korab.jpg
Big Ben,2745,Heard-sziget,Heard-sziget vulkáni tömbje,"Csúcsa, a Mawson Peak, Ausztrália egyetlen aktív vulkánja, amely 2008 óta gyakorlatilag minden évben lávát bocsát ki.",images/mountains/big-ben.jpg
Paektu-san,2744,Észak-Korea,,"A Koreai-félsziget legmagasabb, ma is aktívnak számító vulkánja csúcskráterében a Mennyei-tó fekszik, és a koreai mitológia szerint itt született a koreai nemzet legendás megalapítója.",images/mountains/paektu-san.jpg
Cerro El Pital,2730,Salvador,Trifinio-hegyvidék (Montecristo),"Csúcsát egy fehér kőoszlop jelöli, amely magát a Salvador és Honduras közötti határvonalat is kijelöli.",images/mountains/cerro-el-pital.jpg
Watzmann,2713,Németország,,"A Berchtesgadeni-Alpok jellegzetes csúcsa, helyi legenda szerint egy kegyetlen király és családja kővé dermedt alakja, aki bűnei miatt bűnhődik a hegyben.",images/mountains/watzmann.jpg
Maja Jezercë,2694,Albánia,,"Albánia legmagasabb pontja, amely a vad, sziklás Átkozott-hegységben (Prokletije) emelkedik, ahol a hegy neve a helyi albán nyelvjárásban egyszerűen a csúcsot jelenti.",images/mountains/maja-jezerce.jpg
Mount Heha,2684,Burundi,,"Burundi legmagasabb pontja, a Nílus és a Kongó folyó vízválasztóján, a Kongó-Nílus-hátságon emelkedik.",images/mountains/mount-heha.jpg
Pic la Selle,2680,Haiti,,"Haiti legmagasabb pontja, a Selle-hegység gerincén emelkedik, és a Karib-térség egyik legkevésbé kutatott, sűrű erdővel borított csúcsa.",images/mountains/pic-la-selle.jpg
Velika Rudoka,2660,Koszovó,,"A Šar-hegység (Sár-hegység) egyik csúcsa Koszovó és Észak-Macedónia határvidékén, a térség egyik legfontosabb vízválasztója.",images/mountains/velika-rudoka.jpg
Mount Catherine,2629,Egyiptom,,"Egyiptom legmagasabb csúcsa a Sínai-félszigeten, nevét Alexandriai Szent Katalinról kapta, lábánál áll az ő nevét viselő ősi kolostor.",images/mountains/mount-catherine.jpg
Mount Moco,2620,Angola,,"Angola legmagasabb csúcsa, gránitos lejtőin ritka, sehol máshol elő nem forduló endemikus madár- és növényfajok élnek.",images/mountains/mount-moco.jpg
Grauspitz,2599,Liechtenstein,,"Liechtenstein legmagasabb pontja, amely a Rätikon-hegységhez tartozik, és csúcsa gyakorlatilag a svájci határvonalon húzódik.",images/mountains/grauspitz.jpg
Inyangani,2592,Zimbabwe,,"Zimbabwe legmagasabb csúcsa a Nyanga-hegységben található, és a helyi legendák szerint eltűnt vándorok szellemei kísértik lejtőit.",images/mountains/inyangani.jpg
Königstein,2573,Namíbia,,"Namíbia legmagasabb csúcsa a Brandberg-masszívum része, amelynek sziklái között őrzik a híres ""Fehér hölgy"" néven ismert őskori sziklarajzot.",images/mountains/konigstein.jpg
Doi Inthanon,2565,Thaiföld,,"Thaiföld legmagasabb pontja, beceneve 'Thaiföld teteje', tetején két pagoda áll a thai királyi pár tiszteletére.",images/mountains/doi-inthanon.jpg
Mount St. Helens,2549,Amerikai Egyesült Államok,,"Az 1980-as híres kitörése során csaknem 400 méterrel csökkent a magassága, miután a hegy oldala hatalmas földcsuszamlásban omlott le.",images/mountains/mount-st-helens.jpg
Moldoveanu,2544,Románia,,"Románia legmagasabb csúcsa, a Déli-Kárpátok részét képező Fogarasi-havasok gerincén emelkedik.",images/mountains/moldoveanu.jpg
Zla Kolata,2534,Montenegró,,"A Prokletije, azaz az ""Átkozott-hegység"" egyik csúcsa Montenegróban, a hegység zord, nehezen járható terepéről kapta félelmetes nevét.",images/mountains/zla-kolata.jpg
Pidurutalagala,2524,Srí Lanka,,"Srí Lanka legmagasabb hegyét katonai és távközlési létesítmények miatt évtizedekig zárt terület övezte, a helyiek régen Mahá Eliyaként, azaz ""nagy fényességként"" emlegették.",images/mountains/pidurutalagala.jpg
Mount Taranaki,2518,Új-Zéland,,"Új-Zéland tökéletesen szimmetrikus alvó vulkánja annyira hasonlít a Fuji-hegyre, hogy több filmben - köztük Az utolsó szamurájban - is annak helyszíneként szerepelt; a maori legenda szerint azért áll magányosan, mert vesztes szerelmi csatája után elmenekült a Tongariro vulkántól.",images/mountains/mount-taranaki.jpg
Rysy,2499,Lengyelország,,"Lengyelország legmagasabb csúcsára 1913-ban a fiatal Lenin is felmászott emigrációja idején, teteje egyben a szlovák-lengyel határvonalat is jelöli.",images/mountains/rysy.jpg
Galdhøpiggen,2469,Norvégia,,"Norvégia és egyben egész Skandinávia legmagasabb csúcsa a Jotunheimen Nemzeti Parkban, nyáron gleccserén sítábort is tartanak.",images/mountains/galdhpiggen.jpg
Shimbiris,2460,Szomália,,"Szomália legmagasabb pontja a Cal Madow-hegyláncban emelkedik, ahol a sivatagos ország szárazságával ellentétben helyenként még ködhatású ökoszisztéma is kialakul.",images/mountains/shimbiris.jpg
Monte Binga,2440,Mozambik,,"Mozambik legmagasabb pontja, a Zimbabwével közös határon húzódó Chimanimani-hegységben, amelynek zimbabwei oldalán szinte azonos magasságú testvércsúcsa emelkedik.",images/mountains/monte-binga.jpg
Chappal Waddi,2419,Nigéria,Adamawa-hegyvidék (Mambilla-fennsík),"Eredeti, helyi mambilla neve Gang-csúcs, és a helyi hagyomány szerint a hegy határozta meg a fennsík termésének sikerét vagy kudarcát.",images/mountains/chappal-waddi.jpg
Maglić,2386,Bosznia-Hercegovina,,"Bosznia-Hercegovina legmagasabb csúcsa, nevét a lábánál fekvő gleccsertóról, a Trnovačko-tóról kapta, és a montenegrói határ közelében, a Sutjeska Nemzeti Park területén emelkedik.",images/mountains/maglic.jpg
Mount Karthala,2361,Comore-szigetek,,"A Comore-szigetek egyik legnagyobb aktív pajzsvulkánja, kalderája a Föld egyik legnagyobb működő vulkáni kráterei közé tartozik.",images/mountains/mount-karthala.jpg
Montanha do Pico,2351,Portugália,,"Portugália legmagasabb csúcsa, egy még ma is aktívnak számító vulkáni kúp az Azori-szigetekhez tartozó Pico szigetén.",images/mountains/montanha-do-pico.jpg
Mount Popomanaseu,2335,Salamon-szigetek,,"A Salamon-szigetek legmagasabb csúcsa Guadalcanal szigetén, sűrű esőerdő és nehezen járható terep veszi körül.",images/mountains/mount-popomanaseu.jpg
Beerenberg,2277,Svalbard és Jan Mayen,Jan Mayen vulkáni szigete,"A Föld legészakabbra fekvő aktív vulkánja, jégsapkával fedett kráteréből legutóbb 1985-ben tört elő láva.",images/mountains/beerenberg.jpg
Bikku Bitti,2267,Líbia,Tibeszti-hegység,"A csádi határhoz közeli, elszigetelt csúcsot két sikertelen kísérlet után elsőként csak 2005-ben mászta meg egy brit hegymászó, Ginge Fullen.",images/mountains/bikku-bitti.jpg
Blue Mountain Peak,2256,Jamaica,Kék-hegyek (Blue Mountains),"Lejtőin terem a világ egyik legdrágább kávéja, a híres Blue Mountain kávé, amelyet elsősorban Japánba exportálnak.",images/mountains/blue-mountain-peak.jpg
Mont Orohena,2241,Francia Polinézia,,"Tahiti szigetének legmagasabb pontja, egy ősi, mélyen erodálódott pajzsvulkán megmaradt csúcsa.",images/mountains/mont-orohena.jpg
Mount Kosciuszko,2228,Ausztrália,,"Ausztrália szárazföldi részének legmagasabb csúcsa, nevét felfedezője a lengyel szabadsághős, Tadeusz Kościuszko tábornok tiszteletére adta neki.",images/mountains/mount-kosciuszko.jpg
Midžor,2169,Szerbia,,"Szerbia legmagasabb pontja, a bolgár határ mentén húzódó Balkán-hegységben (Stara Planina) emelkedik.",images/mountains/midzor.jpg
Hvannadalshnúkur,2110,Izland,,"Izland legmagasabb pontja az Öræfajökull nevű aktív vulkán jéggel borított pereme, amely 1362-ben olyan heves kitörést produkált, hogy elpusztította a környező településeket.",images/mountains/hvannadalshnukur.jpg
Kebnekaise,2097,Svédország,,"Svédország legmagasabb csúcsa, amelynek déli, jégsapkás csúcsa a felmelegedés miatt folyamatosan zsugorodik, így néhány éve már alacsonyabb lett az északi, sziklás csúcsnál.",images/mountains/kebnekaise.jpg
Mogotón,2085,Nicaragua,,"Nicaragua legmagasabb pontja, a Hondurasszal közös határ mentén, felhőerdőkkel borított hegyvidéken található, amely a régió egyik legfontosabb biológiai rezervátuma.",images/mountains/mogoton.jpg
Queen Mary's Peak,2062,Szent Ilona,,"Ez a Tristan da Cunha-szigetet uraló aktív vulkán a világ legelszigeteltebb lakott szigetének legmagasabb pontja, utoljára 1961-ben tört ki, amikor a teljes lakosságot evakuálni kellett.",images/mountains/queen-mary-s-peak.jpg
Hoverla,2061,Ukrajna,,"Ukrajna legmagasabb csúcsa a Kárpátokban, amely a mai napig kedvelt zarándok- és turistacél, tetején gyakran emléktáblákat és kereszteket helyeznek el a látogatók.",images/mountains/hoverla.jpg
Pico de São Tomé,2024,São Tomé és Príncipe,,"A São Tomé-sziget esőerdővel borított, vulkanikus eredetű legmagasabb csúcsa, melynek környékén számos, csak itt élő endemikus madárfaj található.",images/mountains/pico-de-sao-tome.jpg
Mont Idoukal-n-Taghès,2022,Niger,,"Niger legmagasabb pontja, a Szahara szívében emelkedő, vulkanikus eredetű Aïr-hegységben található.",images/mountains/mont-idoukal-n-taghes.png
Mousa Ali,2021,Dzsibuti,,"Dzsibuti legmagasabb pontja egy alvó rétegvulkán, amelynek csúcsa pontosan Dzsibuti, Eritrea és Etiópia hármashatárán fekszik.",images/mountains/mousa-ali.png
Halla-san,1947,Dél-Korea,,"Dél-Korea legmagasabb pontja egy pajzsvulkán, amelynek kráterében a Baengnokdam nevű krátertó található, és amely gyakorlatilag a teljes Jeju-szigetet felépíti.",images/mountains/halla-san.jpg
Mount Bintumani,1945,Sierra Leone,,"Sierra Leone legmagasabb csúcsa a Loma-hegységben emelkedik, sűrű esőerdő borítja, amely számos, sehol máshol elő nem forduló faj otthona.",images/mountains/mount-bintumani.jpg
Jebel Jais,1934,Egyesült Arab Emírségek,,"Az Egyesült Arab Emírségek legmagasabb csúcsán található a világ leghosszabb zipline-pályája, amely több mint 2,8 kilométer hosszan repíti le a résztvevőket a hegyoldalon.",images/mountains/jebel-jais.jpg
Mount Tabwemasana,1879,Vanuatu,,"Vanuatu legmagasabb pontja valójában két csúcsból áll, és a helyi legenda szerint ez a két csúcs - egy férfi és egy nő - éjszakánként egymás ölelésébe simul.",images/mountains/mount-tabwemasana.jpg
Bukit Pagon,1875,Brunei,Bruneit és Malajziát elválasztó hegyvidék,"A hegynek két, egymástól alig 500 méterre lévő csúcsa van: a határon álló csúcs számít Brunei legmagasabb pontjának, míg a valamivel magasabb másik csúcs már teljesen Malajzia területén fekszik.",images/mountains/bukit-pagon.jpg
Emlembe,1862,Eswatini,,"Eswatini legmagasabb pontja, a Lubombo-hegység szélén, a dél-afrikai Mpumalanga tartomány határa mentén emelkedik.",images/mountains/emlembe.jpg
Mauga Silisili,1858,Szamoa,,"Szamoa legmagasabb pontja, a Savai'i sziget belsejében emelkedő, sűrű esőerdővel borított vulkanikus csúcs.",images/mountains/mauga-silisili.jpg
Jabal Umm ad Dami,1854,Jordánia,,"Jordánia legmagasabb csúcsa az ország déli részén, a szaúdi határ közelében emelkedik, és a híres sivatagi tájáról ismert Wadi Rum térségéből is látható.",images/mountains/jabal-umm-ad-dami.jpg
Mont Ross,1850,Antarktisz,,"A Kerguelen-szigetek legmagasabb csúcsa a déli sarkvidéki francia területeken, amelyet a híres brit sarkkutatóról, Sir James Clark Rossról neveztek el.",images/mountains/mont-ross.jpg
Dinara,1831,Horvátország,,"Erről a csúcsról kapta nevét az egész Dinári-hegység, amely a Balkán-félsziget Adriai-tenger felőli partvidékét kíséri végig.",images/mountains/dinara.jpg
Phnom Aural,1813,Kambodzsa,,"Kambodzsa legmagasabb pontja a Kardamom-hegység részeként emelkedik, körülötte 1993-ban vadrezervátumot hoztak létre, amely tigriseknek, elefántoknak és leopárdoknak is otthont ad.",images/mountains/phnom-aural.jpg
Mont Nimba,1752,Guinea,,"A Nimba-hegység UNESCO világörökségi helyszín egyedülálló élővilága miatt, itt él például az elevenszülő varangy, amely sehol máshol a Földön nem fordul elő.",images/mountains/mont-nimba.jpg
Mont Panié,1628,Új-Kaledónia,,"Új-Kaledónia legmagasabb csúcsa, amelyet a helyi kanak közösség szent hegyként tisztel, és amelynek lejtőit sűrű, endemikus fajokban gazdag esőerdő borítja.",images/mountains/mont-panie.jpg
Sněžka,1603,Csehország,,"Csehország legmagasabb pontja, pontosan a cseh-lengyel határon fekszik az Óriás-hegységben (Krkonoše), tetején 1913 óta kápolna is áll.",images/mountains/snezka.jpg
Jebel ech Chambi,1544,Tunézia,,"Tunézia legmagasabb pontja a róla elnevezett nemzeti parkban emelkedik, amely az ország egyik legfontosabb, hegyvidéki erdős élőhelyeit védő természetvédelmi területe.",images/mountains/jebel-ech-chambi.jpg
Otse Hill,1494,Botswana,,"Botswana hagyományosan legmagasabb pontjának tartott csúcsa, bár újabb műholdas mérések szerint a közeli Monalanong-hegy néhány méterrel magasabb lehet nála.",images/mountains/otse-hill.jpg
La Grande Soufrière,1467,Guadeloupe,,"Guadeloupe aktív vulkánja és a Kis-Antillák legmagasabb pontja, amelynek 1976-os megnövekedett aktivitása miatt csaknem 73 ezer embert kellett kitelepíteni.",images/mountains/la-grande-soufriere.jpg
Mount Wuteve,1447,Libéria,,"Libéria legmagasabb pontja, más néven Wologizi-hegy, a Guineai-hátság részeként emelkedik ki, gerince mentén helyenként akár 100 méter magas sziklafalak találhatók.",images/mountains/mount-wuteve.png
Morne Diablotins,1447,Dominika,,"Dominica legmagasabb pontja, nevét a hegyen egykor nagy számban fészkelő fekete viharmadárról (diablotin) kapta, amely mára rendkívül ritkává vált.",images/mountains/morne-diablotins.jpg
Mont Ngaoui,1410,Közép-afrikai Köztársaság,,"A Közép-afrikai Köztársaság legmagasabb pontja, a Kamerunnal közös határ mentén húzódó Adamawa-fennsík részén emelkedik.",images/mountains/mont-ngaoui.png
Mont Pelée,1397,Martinique,,"1902-es kitörése napok alatt elpusztította Saint-Pierre városát, mintegy 30000 ember halálát okozva, ami a 20. század egyik legpusztítóbb vulkánkitörésévé tette.",images/mountains/mont-pelee.jpg
Ben Nevis,1345,Egyesült Királyság,Grampian-hegység (Skót-felföld),"Csúcsán 1883 és 1904 között folyamatosan üzemelő meteorológiai megfigyelőállomás működött, amelynek adatai máig fontosak a skót hegyi időjárás kutatásában.",images/mountains/ben-nevis.jpg
Cerro de Punta,1338,Puerto Rico,Cordillera Central,"Nem vulkáni eredetű csúcs, csupán a Cordillera Central legmagasabb pontja, tetejére pedig aszfaltozott út is felvezet.",images/mountains/cerro-de-punta.jpg
Tomanivi,1324,Fidzsi-szigetek,,"Fidzsi legmagasabb pontja a Viti Levu szigeten, korábbi neve Mount Victoria volt, Viktória brit királynő tiszteletére.",images/mountains/tomanivi.jpg
Halti,1324,Finnország,,"Finnország legmagasabb pontjaként tartják számon, bár maga a hegy csúcsa Norvégiában található; Finnország területére csak a hegy oldalában fekvő, 1324 méteres magaslat esik.",images/mountains/halti.jpg
Vesuvius,1281,Olaszország,,"Kr. u. 79-ben történt heves kitörésével hamu alá temette Pompeii és Herculaneum városait, és ma is a világ egyik legveszélyesebb aktív vulkánjának számít, mivel közelében milliós nagyváros, Nápoly fekszik.",images/mountains/vesuvius.jpg
Juliana Top,1280,Suriname,,"Suriname legmagasabb pontját Juliana holland hercegnőről, a későbbi királynőről nevezték el, és csak 1963-ban mászták meg elsőként a sűrű esőerdő nehezen járható terepe miatt.",images/mountains/juliana-top.jpg
Mount Meron,1208,Izrael,,"Izrael legmagasabb pontja a zöld vonalon belül, lábánál minden évben tömegek gyűlnek össze a Lag baOmer ünnepén tartott zarándoklatra.",images/mountains/mount-meron.jpg
Hombori Tondo,1155,Mali,,"Mali legmagasabb pontja egy meredek falú homokkő-plató, amelynek környékét a különleges sziklaalakzatok miatt gyakran a Szahara Monument-völgyeként emlegetik.",images/mountains/hombori-tondo.jpg
Doyle's Delight,1124,Belize,,"Belize legmagasabb csúcsa a sűrű esőerdővel borított Maya-hegységben, nevét egyes feltevések szerint egy Doyle nevű favágóról vagy fakitermelőről kapta.",images/mountains/doyle-s-delight.jpg
Snowdon,1085,Egyesült Királyság,,"Wales legmagasabb csúcsa, walesi neve Yr Wyddfa ""sírhalmot"" jelent, a legenda szerint itt fekszik eltemetve a Rhitta Gawr nevű legyőzött óriás.",images/mountains/snowdon.jpg
Mont Bengoué,1070,Gabon,,"Gabon esőerdejéből magányos gránit inselbergként emelkedik ki, lábánál kutatóállomás vizsgálja a térség egyedülálló biológiai sokféleségét.",images/mountains/mont-bengoue.jpg
Kao,1046,Tonga,,"Ez a kúp alakú, alvó vulkán Tonga legmagasabb pontja, szigetét egy 2006-os kitörés után teljesen kiürítették, lakói azóta sem tértek vissza.",images/mountains/kao.jpg
Carrauntoohil,1039,Írország,MacGillycuddy's Reeks,"Ír neve, a Corrán Tuathail, ""Tuathal sarlóját"" jelenti, a hegy jellegzetesen ívelt gerincére utalva.",images/mountains/carrauntoohil.jpg
Mount Nabi Yunis,1030,Palesztina,,"A palesztin területek legmagasabb pontja, nevét a hagyomány szerint az itt eltemetett Jónás prófétáról (arabul Nabi Yunis) kapta.",images/mountains/mount-nabi-yunis.jpg
Mont Nabemba,1020,Kongói Köztársaság,,"A Kongói Köztársaság legmagasabb csúcsa, amelynek vasérctartalmú kőzetei miatt a környékét jelentős bányászati érdeklődés övezi.",images/mountains/mont-nabemba.jpg
Kékes,1014,Magyarország,,"Magyarország legmagasabb pontja a Mátrában, tetején időjárás-megfigyelő állomással és tévétoronnyal.",images/mountains/kekes.jpg
Mont Agou,986,Togo,,"Togo legmagasabb pontja, a nyugat-afrikai Togo-hegység részeként teraszos kávé- és kakaóültetvények veszik körül.",images/mountains/mont-agou.png
Scafell Pike,978,Egyesült Királyság,,"Anglia legmagasabb csúcsa a Lake District nemzeti parkban található, tetején elhelyezett kőrakás az első világháborús hősi halottak emlékét őrzi.",images/mountains/scafell-pike.jpg
Mount Gimie,950,Saint Lucia,,"Saint Lucia legmagasabb csúcsa, sűrű esőerdővel borított vulkanikus hegy a sziget belsejében.",images/mountains/mount-gimie.jpg
Cerro del Aripo,940,Trinidad és Tobago,Északi-hegylánc (Aripo-tömb),"Lapos csúcsáról nincs kilátás, viszont itt él a kizárólag Trinidad legmagasabb hegyein és a venezuelai Paria-félszigeten előforduló arany fatücsökbéka.",images/mountains/cerro-del-aripo.png
Stromboli,924,Olaszország,,"Az egyik legaktívabb vulkán a Földön, több ezer éve szinte megszakítás nélkül apró kitöréseket produkál, ezért nevezik ""a Földközi-tenger világítótornyának"".",images/mountains/stromboli.jpg
Chances Peak,915,Montserrat,Soufrière Hills (Montserrat),"1995-ös felébredése és az azt követő kitörések elpusztították a sziget fővárosát, Plymouth-t, amely mára lakatlan hamuvárossá vált.",images/mountains/chances-peak.jpg
Kediet ej Jill,915,Mauritánia,,"Neve arabul körülbelül ""a hím teve hegyét"" jelenti, és Mauritánia legmagasabb, magányosan a Szahara fölé emelkedő pontja.",images/mountains/kediet-ej-jill.jpg
Morne Seychellois,905,Seychelle-szigetek,,"Seychelle-szigetek legmagasabb pontja, a Mahé szigetén fekszik, és a róla elnevezett nemzeti park központi csúcsaként sűrű esőerdő borítja.",images/mountains/morne-seychellois.jpg
Leklata,900,Ghána,,"Ghána legmagasabb vidékén, az Agumatsa-hegységben található, közel a híres Wli-vízeséshez és annak barlangjában élő hatalmas gyümölcsdenevér-kolóniához.",images/mountains/leklata.png
Slættaratindur,880,Feröer,,"A Feröer-szigetek legmagasabb csúcsa az Eysturoy szigetén, azt tartják, hogy tiszta időben a tetejéről a szigetcsoport nagy része belátható.",images/mountains/slttaratindur.jpg
Mount Scenery,870,Hollandia,,"A Holland Királyság legmagasabb pontja, egy vulkán Saba szigetén, amely a Karib-térség egyik legmeredekebb, közvetlenül a tengerből kiemelkedő hegye.",images/mountains/mount-scenery.jpg
Bellevue de l'Inini,851,Francia Guyana,Inini-hegyvidék,"Francia Guyana legmagasabb pontja egy nehezen elérhető, esőerdővel borított, útnélküli vidéken fekszik, ezért csak kevesen jutottak még el a csúcsára.",images/mountains/bellevue-de-l-inini.png
Cerro Perő,842,Paraguay,Ybytyruzú-hegylánc,"Más néven Cerro Tres Kandú, csúcsán korábban a paraguayi hadsereg és az állami áramszolgáltató létesítményei álltak, ezeket mára elbontották.",images/mountains/cerro-pero.jpg
Mount Saint Catherine,840,Grenada,,"Grenada legmagasabb csúcsa, egy kihunyt vulkán, amelynek kráteréből ma sűrű esőerdő nőtt ki.",images/mountains/mount-saint-catherine.jpg
Piton de la Petite Rivière Noire,828,Mauritius,,"Mauritius legmagasabb csúcsa a sziget délnyugati részén fekvő nemzeti park területén emelkedik, ahonnan tiszta időben az egész sziget belátható.",images/mountains/piton-de-la-petite-riviere-noire.png
Nanlaud,782,Mikronéziai Szövetségi Államok,,"A Mikronéziai Szövetségi Államok és Pohnpei sziget legmagasabb pontja helyi nyelven 'nagy hegyet' jelent, és a pohnpei kultúrában szent helynek számít, amelyet a nehéz megközelíthetőség miatt kevesen látogatnak meg.",images/mountains/nanlaud.png
Olavtoppen,780,Bouvet-sziget,,"A norvég fennhatóság alatt álló, a Föld egyik legelszigeteltebb szigetének számító Bouvet-sziget legmagasabb pontja, amelyet csak 2012-ben másztak meg először.",images/mountains/olavtoppen.png
Mount Tenakourou,747,Burkina Faso,,"Burkina Faso legmagasabb pontja egy homokkőből álló dombság csúcsa, ahonnan tiszta időben egyszerre látható Burkina Faso, Mali és Elefántcsontpart területe is.",images/mountains/mount-tenakourou.jpg
Monte Titano,739,San Marino,,"San Marino jelképe, három középkori tornyával (Guaita, Cesta és Montale) egy egész államnak adott nevet, s ma az UNESCO világörökség része.",images/mountains/monte-titano.jpg
Mount Usborne,705,Falkland-szigetek,,"A Falkland-szigetek legmagasabb csúcsát Alexander Burns Usborne-ról, a Charles Darwint is szállító Beagle hajó egyik tisztjéről nevezték el, oldalain ma is jégkorszaki kármedencék nyomai láthatók.",images/mountains/mount-usborne.jpg
Signal de Botrange,694,Belgium,,"Belgium legmagasabb pontja, a Hoge Venen (Hautes Fagnes) tőzeglápvidékén emelkedik, tetején mesterséges kilátódombot és tornyot építettek, hogy elérje a kerek 700 métert.",images/mountains/signal-de-botrange.jpg
Benara,660,Mayotte,Mayotte hegyvidéke (Grande-Terre),"A Bénara-hegy Mayotte szigetének déli részén, három település közigazgatási határán emelkedik, és a sziget egyik legjobb kilátópontjának számít.",images/mountains/benara.jpg
Mont Sokbaro,658,Benin,,"Benin legmagasabb pontja, az ország északnyugati részén húzódó Atakora-hegyvidék dombjai közül emelkedik ki.",images/mountains/mont-sokbaro.jpg
Te Manga,652,Cook-szigetek,,"A Cook-szigetekhez tartozó Rarotonga legmagasabb pontja, sűrű trópusi esőerdő borítja, megmászása a sziget egyik legnehezebb és legkalandosabb túrája.",images/mountains/te-manga.jpg
Felo Barkere,638,Szenegál,,"Szenegál legmagasabb pontja az ország délkeleti, Guineával határos dombvidékén emelkedik, messze az ország túlnyomórészt sík, alacsony fekvésű területeitől.",images/mountains/felo-barkere.png
Kneiff,560,Luxemburg,,"Luxemburg legmagasabb pontja az ország északi, Oesling nevű, az Ardennekhez tartozó dombvidékén található.",images/mountains/kneiff.jpg
Cerro Catedral,514,Uruguay,Sierra Carapé (Cuchilla Grande),"1973-ig egy másik hegyet, a Cerro de las Ánimast tartották Uruguay legmagasabb pontjának, míg egy katonai geodéziai mérés ki nem mutatta, hogy a Cerro Catedral magasabb.",images/mountains/cerro-catedral.jpg
Rock of Gibraltar,426,Gibraltár,,"Az ókori görögök az egyik Héraklész-oszlopnak tartották ezt a mészkőszirtet, mely ma Európa egyetlen vadon élő majompopulációjának, a berber makákóknak ad otthont.",images/mountains/rock-of-gibraltar.png
Mount Lamlam,406,Guam,,"Guam legmagasabb pontja, és ha a Mariana-árok fenekétől mérnénk, technikailag a Föld egyik legmagasabb hegyének is tekinthető.",images/mountains/mount-lamlam.jpg
Boggy Peak,402,Antigua és Barbuda,Antigua vulkáni magaslata,"2009-ben Barack Obama tiszteletére Mount Obama névre keresztelték át, de 2016-ban egy kormányváltás után visszaállították eredeti nevét.",images/mountains/boggy-peak.jpg
Flagstaff Peak,383,Sint Maarten,,"Sint Maarten holland felén emelkedő legmagasabb pont, a karib-térségi sziget hegyvidéki belső részén található.",images/mountains/flagstaff-peak.jpg
Sint Christoffelberg,372,Curaçao,,"Curaçao legmagasabb pontja, nevét a hajósok védőszentjéről, Szent Kristófról kapta, mivel a szigetet felfedező spanyol tengerészek innen tájékozódtak.",images/mountains/sint-christoffelberg.jpg
Murray Hill,361,Karácsony-sziget,,"Karácsony-sziget legmagasabb pontját 1857-ben mászták meg először, jóval a sziget 1615-ös feltérképezése után; ma a sziget esőerdővel borított nemzeti parkjának része.",images/mountains/murray-hill.jpg
Mount Hillaby,340,Barbados,,"Barbados legmagasabb pontja, a sziget közepén húzódó dombvidéken, a Scotland District nevű tájegységben található.",images/mountains/mount-hillaby.jpg
Mount Bates,319,Norfolk-sziget,,"A Norfolk-sziget legmagasabb pontja, nevét egy 18. századi brit hajótiszt után kapta, aki részt vett a sziget korai feltérképezésében.",images/mountains/mount-bates.png
Suur Munamägi,318,Észtország,,"Észtország és egyben az egész Baltikum legmagasabb pontja, neve szó szerint ""Nagy Tojás-hegyet"" jelent, tetején 1939 óta kilátótorony áll.",images/mountains/suur-munamagi.jpg
Gaiziņkalns,312,Lettország,,"Lettország legmagasabb pontja, tetején kilátótorony áll, amelyről a helyi hagyomány szerint tiszta időben akár a Balti-tenger is látható.",images/mountains/gaizinkalns.jpg
Aukštojas,294,Litvánia,Medininkai-magaslat (Balti-hátság),"Litvánia legmagasabb pontját csak 2004-ben azonosították pontos GPS-méréssel, korábban egy másik dombot hittek annak; nevét 2005-ben egy országos pályázaton kapta, az ősi litván főisten egyik jelzője nyomán.",images/mountains/aukstojas.jpg
Morne de Vitet,286,Saint-Barthélemy,,"Saint-Barthélemy szigetének legmagasabb pontja, lejtőit trópusi növényzet borítja, tetejéről pedig kilátás nyílik a sziget öbleire.",images/mountains/morne-de-vitet.jpg
Dongol Rondè,266,Bissau-Guinea,,"Bissau-Guinea legmagasabb pontja, az ország belső, dombvidéki részén, a szomszédos Fouta Djallon-fennsík nyúlványain emelkedik.",images/mountains/dongol-ronde.png
Ta' Dmejrek,253,Málta,,"Málta legmagasabb pontja, a látványos Dingli-sziklák közelében fekszik, ahonnan tiszta időben ellátni egészen a tenger horizontjáig.",images/mountains/ta-dmejrek.jpg
Mount Ngerchelchuus,242,Palau,,"Palau legmagasabb pontja, egy alacsony, sűrű dzsungellel borított domb Babeldaob szigetén.",images/mountains/mount-ngerchelchuus.jpg
Mount Jamanota,188,Aruba,,"Aruba legmagasabb pontja, egy alacsony, vulkanikus eredetű domb a sziget keleti részén.",images/mountains/mount-jamanota.jpg
Coloane Alto,172,Makaó,,"Makaó legmagasabb pontja a Coloane-szigeten található, amelyet a 20. század végi feltöltési munkálatok mesterséges földnyelvvel kapcsoltak össze a szomszédos Taipa szigettel.",images/mountains/coloane-alto.jpg
Møllehøj,171,Dánia,,"Dánia hivatalosan elismert legmagasabb pontja mindössze 171 méter, ami jól mutatja, mennyire lapos ország Dánia; e státuszért sokáig versengett a szomszédos Ejer Bavnehøj dombbal.",images/mountains/mllehj.jpg
Bukit Timah Hill,164,Szingapúr,Szingapúri-fennsík,"Neve malájul ""Ón-hegyet"" jelent, bár a térségben sosem találtak ónlelőhelyet; a hegy Szingapúr egyik utolsó eredeti esőerdő-foltjának ad otthont.",images/mountains/bukit-timah-hill.jpg
Mont Agel,162,Monaco,,"Bár Monacóhoz kötődik, a csúcs valójában francia területen emelkedik a hercegség fölé, tetején golfpályával, ahonnan lenyűgöző kilátás nyílik a Riviérára és a tengerpartra.",images/mountains/mont-agel.jpg
Les Platons,136,Jersey,,"Jersey legmagasabb pontja Saint John egyházközségben található, a sziget északi részén.",images/mountains/les-platons.jpg
Mountain of Smoke,134,Bahrein,,"Bahrein legmagasabb pontját azért nevezték el a 'füst hegyének', mert párás napokon rendszeresen ködpára veszi körül; lejtőin 1932-ben fedezték fel az ország első kőolajkútját, ami alapjaiban változtatta meg Bahrein gazdaságát.",images/mountains/mountain-of-smoke.jpg
Le Moulin,114,Guernsey,,"Guernsey legmagasabb pontja, amelynek szerény, alig több mint 100 méteres magassága jól tükrözi a Csatorna-szigetek lankás domborzatát.",images/mountains/le-moulin.jpg
Qurayn Abu al Bawl,103,Katar,,"Katar legmagasabb pontja mindössze száz méter körüli magasságával jól szemlélteti, mennyire lapos és sivatagos a félsziget felszíne.",images/mountains/qurayn-abu-al-bawl.jpg
Hármas-határ-hegy,495,Magyarország,,"Budapest egyik kiemelkedő pontja, amely nevét onnan kapta, hogy a történelem során három korábbi település, Óbuda, Békásmegyer és Csillaghegy határa találkozott a tetején.",images/mountains/harmas-hatar-hegy.jpg
Galyatető,964,Magyarország,,"A Mátra kiemelkedő pontja, a hasonló nevű üdülőfalu a 20. század eleje óta kedvelt kirándulóhely és egykori kedvelt vadászterület.",images/mountains/galyateto.jpg
Istállós-kő,959,Magyarország,,"A Bükk-hegység második legmagasabb pontja, oldalában húzódó barlangjában talált őskori leletek a Kárpát-medence legkorábbi emberi jelenlétének egyik legfontosabb bizonyítékai közé tartoznak.",images/mountains/istallos-ko.jpg
Bálvány,956,Magyarország,Bükk-hegység,"Csúcsán 1948-ban épült kilátó áll, ahonnan jó időben akár a Tátra havas csúcsai is látszanak.",images/mountains/balvany.jpg
Tar-kő,950,Magyarország,,"A Bükk-fennsík egyik jellegzetes mészkőszirtje, meredek, sziklás fala miatt a hazai sportmászók egyik kedvelt célpontja.",images/mountains/tar-ko.gif
Csóványos,938,Magyarország,,"A Börzsöny legmagasabb csúcsa, tetején 1978 óta kilátótorony áll, amelyről tiszta időben akár a Magas-Tátra csúcsai is kivehetők.",images/mountains/csovanyos.jpg
Nagy-Milic,894,Magyarország,,"A Zempléni-hegység legmagasabb pontja a magyar-szlovák határon húzódik, szlovákul Veľký Milič néven ismerik.",images/mountains/nagy-milic.jpg
Írott-kő,882,Magyarország,,"A Dunántúl legmagasabb pontja az osztrák határon, nevét a tetején egykor állt, feliratos határkőről kapta.",images/mountains/irott-ko.jpg
Nagy-Hideg-hegy,864,Magyarország,,"A Börzsöny második legmagasabb csúcsa, nevét a környékén uralkodó, a hegység többi részéhez képest jóval hűvösebb mikroklímájáról kapta.",images/mountains/nagy-hideg-hegy.jpg
Bél-kő,819,Magyarország,Bükk-hegység,"Oldalában évtizedekig kőbánya működött, ami a hegy tetejéből jelentős részt elhordott, a fejtést végül csak 2002-ben szüntették meg.",images/mountains/bel-ko.jpg
Muzsla,805,Magyarország,,"A Mátra nyugati gerincének legmagasabb, 805 méteres pontja, meredek nyugati és enyhébb keleti lejtőkkel, csúcsáról a sűrű erdő miatt mégsem nyílik kilátás.",images/mountains/muzsla.jpg
Pilis,757,Magyarország,,"A Pilis-hegység legmagasabb pontjához évszázados legendák fűződnek, a néphagyomány szerint itt lehetett Mátyás király egykori vadászkastélya és rejtett kincse.",images/mountains/pilis.jpg
Karancs,729,Magyarország,,"Egykori vulkán, amelynek andezit kúpja szigetként emelkedik ki a nógrádi dombvidékből, tetejéről kilátás nyílik egészen Szlovákiáig.",images/mountains/karancs.jpg
Kőris-hegy,709,Magyarország,,"A Bakony legmagasabb csúcsa, tetején kilátóval, ahonnan tiszta időben a Balaton is látható.",images/mountains/koris-hegy.jpg
Dobogókő,700,Magyarország,,"A Visegrádi-hegység kiemelkedő pontja, amelyet ezoterikus körökben 'a Föld szívcsakrájának' is neveznek, és a Dunakanyar egyik legkedveltebb kilátóhelye.",images/mountains/dobogoko.jpg
Zengő,682,Magyarország,,"A Mecsek legmagasabb csúcsa, tetején a hidegháború idején katonai radarállomás működött, amelynek helyén ma kilátó áll.",images/mountains/zengo.jpg
Naszály,652,Magyarország,,A Vác közelében emelkedő elszigetelt dolomithegy kedvező termikjei miatt az egyik legnépszerűbb magyarországi sárkányrepülő és siklóernyős célpont.,images/mountains/naszaly.jpg
Prédikálószék,639,Magyarország,,"A Pilis-hegység egyik látványos sziklacsúcsa, melynek nevét egy prédikálószékre emlékeztető, meredek sziklakiszögellésről kapta a Dunakanyar fölött.",images/mountains/predikaloszek.jpg
Nagy-Gerecse,634,Magyarország,,"A Gerecse-hegység legmagasabb csúcsa triász időszaki mészkőből és dolomitból épül fel, felszínén jellegzetes karsztos formák, víznyelők és barlangok találhatók.",images/mountains/nagy-gerecse.jpg
Tubes,611,Magyarország,,"Az Egri-Bükkalja jellegzetes hegye Eger közelében, lejtőit szőlőültetvények borítják, amelyek a híres egri borvidék részét képezik.",images/mountains/tubes.jpg
Nagy-Kopasz,559,Magyarország,,"A Zempléni-hegység legdélebbi pontja egykori vulkáni kúp, amelynek löszös, déli lejtőin terem a Tokaji borvidék legkiválóbb szőlője.",images/mountains/nagy-kopasz.png
János-hegy,527,Magyarország,,"Budapest legmagasabb pontja, tetején az Erzsébet-kilátóval, amelyet libegővel is meg lehet közelíteni a Zugligetből.",images/mountains/janos-hegy.jpg
Nagy-Hárs-hegy,454,Magyarország,,"A Budai-hegység egyik csúcsa, nevét az itt egykor bőségesen termő hárs fákról kapta.",images/mountains/nagy-hars-hegy.png
Badacsony,437,Magyarország,Balaton-felvidék (Tapolcai-medence tanúhegyei),"A tanúhegyet néhány millió éve kitört vulkáni bazaltláva építette fel, amelynek lehűlésekor keletkeztek a jellegzetes, oszlopos bazaltorgonák.",images/mountains/badacsony.jpg
Somló,431,Magyarország,,"Magányosan álló, kialudt vulkáni hegy a Kisalföld szélén, lejtőin terem a Somlói Juhfark, az egyik leghíresebb és legkülönlegesebb magyar fehérbor.",images/mountains/somlo.jpg
Ság-hegy,291,Magyarország,,"Celldömölk mellett emelkedő kialudt vulkáni hegy, egykori bányászata tárta fel jellegzetes, orgonasípszerűen rendeződő bazaltoszlopait.",images/mountains/sag-hegy.jpg
Gerlachfalvi-csúcs,2655,Szlovákia,,"Nemcsak a Magas-Tátra, hanem a teljes Kárpát-hegység legmagasabb csúcsa, 2655 méteres magasságával Szlovákia legmagasabb pontjának is számít.",images/mountains/gerlachfalvi-csucs.jpg
Tengerszem-csúcs,2503,Szlovákia,,"A Magas-Tátra szlovákiai oldalán emelkedő csúcs, nevét a lábánál csillogó hegyi tóról, tengerszemről kapta, amilyenből a Tátrában több tucat található.",images/mountains/tengerszem-csucs.jpg
Kriván,2494,Szlovákia,,"A Magas-Tátra egyik legjellegzetesebb, jól felismerhető sziluettű csúcsa, amely a szlovák nemzeti öntudat és a szabadság jelképévé vált a népköltészetben.",images/mountains/krivan.jpg
Nagyszalóki-csúcs,2452,Szlovákia,,"A Magas-Tátra 2452 méteres csúcsa mászófelszerelés és hegyivezető nélkül, kék jelzésű turistaúton is elérhető, ezért a kétezerötszázasok közül az egyik legnépszerűbb célpont.",images/mountains/nagyszaloki-csucs.jpg
Kis-Viszoka,2429,Szlovákia,,"A Magas-Tátra egyik csúcsa, amely a népszerű Rysy szomszédságában húzódó gerinc része.",images/mountains/kis-viszoka.jpg
Kapor-csúcs,2363,Szlovákia,,"A Magas-Tátra egyik kevésbé látogatott csúcsa, amely a Kőpataki-tó fölé magasodó gerincvonulat része.",images/mountains/kapor-csucs.jpg
Fehér-tavi-csúcs,2229,Szlovákia,,"A Magas-Tátra csúcsa, nevét a lábánál fekvő Fehér-tóról (Biele pleso) kapta, amely az egyik legtöbbet fotózott tátrai hegyi tó.",images/mountains/feher-tavi-csucs.jpg
Elülső-Szoliszkó,2093,Szlovákia,,"A Magas-Tátra csúcsa, amely a népszerű Tátrai-magaslati út (Tatranská magistrála) útvonala mentén emelkedik.",images/mountains/elulso-szoliszko.jpg
Gyömbér,2043,Szlovákia,,"Az Alacsony-Tátra egyik jellegzetes csúcsa, szlovák neve, a Ďumbier eredete vitatott, egyes nyelvészek ószláv gyökerekre vezetik vissza.",images/mountains/gyomber.jpg
Nagy-Morgás,2037,Szlovákia,,"Az Alacsony-Tátra hegyláncának egyik kétezres magasságú pontja, amely a népszerű Chopok és Gyömbér csúcsok közötti gerinctúra egyik állomása.",images/mountains/nagy-morgas.png
Chopok,2024,Szlovákia,,"Az Alacsony-Tátra legmagasabb csúcsa, tetején időjárás-megfigyelő állomás áll, lábánál pedig a Jasná síterep húzódik, amely Szlovákia egyik legnépszerűbb téli sportközpontja.",images/mountains/chopok.jpg
Oszterva,1984,Szlovákia ,,"A Magas-Tátra déli oldalának egyik legkönnyebben megközelíthető magaslata, amely a Tompa-hegy gerincének a Menguszfalvi-völgy felé előretolt foka.",images/mountains/oszterva.jpg
